{"K1":[[5495.9515115125869,0,894.446268455216],[0,5497.761426940835,959.10349829324764],[0,0,1]],"K2":[[2589.4957473170612,0,343.08308242965512],[0,2588.1174800754793,393.60530661462332],[0,0,1]],"R1":[[-0.008789042872880121,0.99903137585417889,-0.0431168503520987],[-0.9892996443250206,-0.0024075251369675161,0.14587809143631777],[0.14563298549355672,0.043937613517594114,0.98836254464372153]],"T1":[-664.64117321855815,39.675680353640551,6952.3085509946222],"R2":[[0.0044060798427986818,0.99821370791382924,-0.05958170686832668],[-0.99251620400600549,0.011636483180278816,0.12155729942995683],[0.12203348411779441,0.058600218362386762,0.99079455143937512]],"T2":[-813.57344713070984,-127.57986038930342,6680.3920720767137],"Lcam":[[81.956726976749991,5529.9278346299134,647.06907107319967,2.5656307800223962E+6],[-5299.2563184026258,28.904719998970741,1749.9449182841454,6.8861108775088806E+6],[0.14563298549355672,0.043937613517594114,0.98836254464372153,6952.3085509946222]],"Rcam":[[53.277148906029879,2604.9748951032743,185.63827220890462,185184.52245165454],[-2520.715509912668,53.181942441695028,704.58656469683376,2.2992461030565081E+6],[0.12203348411779441,0.058600218362386762,0.99079455143937512,6680.3920720767137]],"CL":[-979.07587365801953,358.62505975898296,-6905.8464171392834],"CR":[-938.271929003582,422.13231405009128,-6651.8618978446266],"RadialDistortion1":[0.054095778284757139,2.6970182715812712],"TangentialDistortion1":[0,0],"RadialDistortion2":[-0.10350255806852714,-1.4523015806730433],"TangentialDistortion2":[0,0],"TranslationOfCamera2":[-48.440766045695426,8.8859028980351518,-260.34746436807762],"RotationOfCamera2":[[0.99977706432777869,0.015107311382008312,0.01475095884800604],[-0.015453823497686189,0.99960045932519348,0.023666454237262317],[-0.014387528746483457,-0.023889136854836582,0.99961107844846331]],"ImageSize1":[1800,1800,3],"ImageSize2":[600,600]}